GEOID,happening,human
1001,58.996,43.458
1003,59.902,42.224
1005,67.735,49.059
1007,58.421,41.923
1009,55.893,42.595
1011,73.726,53.986
1013,64.727,46.627
1015,61.761,46.307
1017,65.726,47.207
1019,56.144,41.028
1021,56.781,41.889
1023,66.624,48.76
1025,63.089,44.992
1027,59.644,43.736
1029,58.923,43.771
1031,59.516,42.176
1033,61.944,45.575
1035,64.64,49.325
1037,62.343,45.031
1039,59.868,43.773
1041,60.899,43.916
1043,53.261,40.101
1045,62.005,45.546
1047,74.272,55.022
1049,59.108,44.245
1051,58.584,42.892
1053,61.129,44.948
1055,58.888,43.07
1057,57.162,41.648
1059,60.694,45.418
1061,56.745,41.13
1063,72.609,51.645
1065,67.678,49.468
1067,61.294,44.2
1069,60.475,43.885
1071,55.32,41.107
1073,66.662,49.723
1075,56.85,41.332
1077,61.928,46.94
1079,58.78,43.707
1081,66.386,47.591
1083,56.355,44.2
1085,71.407,51.295
1087,75.106,54.212
1089,66.062,50.421
1091,67.773,47.307
1093,57.321,42.501
1095,58.906,43.693
1097,63.822,47.716
1099,63.661,46.467
1101,71.876,53.208
1103,60.196,43.972
1105,71.703,51.403
1107,64.586,45.511
1109,64.736,46.905
1111,62.006,44.497
1113,68.774,50.776
1115,57.351,41.273
1117,60.021,44.025
1119,72.022,51.416
1121,63.678,46.577
1123,64.792,47.298
1125,64.318,45.408
1127,53.155,40.154
1129,55.354,40.692
1131,71.508,51.918
1133,54.121,39.567
2013,70.926,52.126
2016,70.282,51.715
2020,70.817,52.472
2050,71.107,52.932
2060,67.688,48.845
2068,65.821,48.692
2070,70.248,51.271
2090,66.419,48.749
2100,69.814,50.352
2105,71.456,52.772
2110,71.215,52.709
2122,66.869,48.182
2130,70.601,51.791
2150,71.553,53.212
2164,71.148,52.915
2170,66.205,48.656
2180,69.857,50.74
2185,68.317,49.312
2188,72.358,54.935
2195,70.07,50.845
2198,69.757,50.81
2220,72.71,53.749
2230,70.928,52.157
2240,67.807,48.653
2261,68.171,49.422
2270,69.615,51.052
2275,68.897,49.913
2282,69.658,50.61
2290,70.018,51.524
4001,68.804,53.118
4003,66.286,50.349
4005,72.308,56.998
4007,65.759,48.298
4009,65.758,47.963
4011,68.554,52.086
4012,65.154,47.987
4013,69.126,52.071
4015,61.315,45.584
4017,67.828,50.918
4019,75.194,58.125
4021,68.998,50.039
4023,76.678,60.914
4025,65.263,49.863
4027,67.929,53.259
5001,63.016,45.625
5003,61.908,44.393
5005,61.165,43.841
5007,63.232,45.616
5009,58.131,42.21
5011,67.758,50.708
5013,58.658,42.054
5015,64.926,49.375
5017,71.701,53.402
5019,67.658,49.065
5021,61.292,44.232
5023,58.691,42.014
5025,58.936,42.402
5027,63.12,45.222
5029,64.881,48.994
5031,62.834,47.806
5033,58.025,42.5
5035,68.53,49.304
5037,65.813,48.967
5039,66.417,47.284
5041,67.52,48.707
5043,65.834,47.656
5045,63.921,47.66
5047,60.019,43.731
5049,62.635,46.53
5051,65.078,47.359
5053,58.152,43.209
5055,58.972,44.6
5057,63.568,46.007
5059,58.998,43.847
5061,66.865,49.309
5063,52.468,40.072
5065,61.173,45.121
5067,61.117,45.389
5069,68.376,51.051
5071,61.607,45.762
5073,64.756,47.035
5075,63.638,47.911
5077,71.766,51.677
5079,66.927,50.384
5081,61.361,43.9
5083,59.783,43.726
5085,59.967,43.626
5087,63.164,47.683
5089,60.864,44.47
5091,62.678,46.428
5093,67.968,48.869
5095,67.608,48.509
5097,60.711,44.878
5099,61.922,44.626
5101,62.722,46.185
5103,66.49,47.24
5105,62.174,45.927
5107,70.887,52.096
5109,59.085,42.853
5111,59.272,43.343
5113,57.858,41.832
5115,60.32,44.314
5117,59.826,43.49
5119,72.438,55.13
5121,60.865,44.78
5123,69.451,50.952
5125,60.47,43.836
5127,62.567,46.131
5129,58.132,42.322
5131,63.187,46.455
5133,64.264,47.491
5135,60.243,43.918
5137,63.705,47.077
5139,61.103,44.532
5141,60.712,45.053
5143,67.697,50.37
5145,59.268,42.693
5147,64.833,47.734
5149,61.433,45.081
6001,84.035,68.365
6003,74.682,55.86
6005,67.065,48.655
6007,70.729,50.99
6009,67.643,49.211
6011,68.46,52.558
6013,78.092,58.556
6015,67.914,50.634
6017,66.828,49.825
6019,71.088,54.617
6021,67.496,50.575
6023,76.644,58.574
6025,74.6,60.201
6027,68.535,49.865
6029,68.914,51.336
6031,68.247,52.402
6033,72.47,54.94
6035,64.986,48.353
6037,74.227,61.09
6039,69.158,52.161
6041,80.013,62.459
6043,71.099,51.931
6045,76.51,58.767
6047,72.416,55.492
6049,66.808,48.212
6051,74.098,55.398
6053,77.094,61.39
6055,75.368,60.458
6057,70.193,53.417
6059,72.33,56.453
6061,69.399,51.377
6063,68.455,51.039
6065,72.444,56.926
6067,76.565,55.639
6069,73.765,57.463
6071,74.291,55.901
6073,72.643,54.002
6075,83.329,65.941
6077,75.439,58.111
6079,74.286,55.455
6081,80.435,64.993
6083,75.09,59.739
6085,79.214,63.727
6087,80.063,65.267
6089,64.792,47.798
6091,64.167,46.92
6093,70.489,52.323
6095,73.278,57.439
6097,76.965,61.467
6099,69.585,55.888
6101,68.265,52.689
6103,66.153,48.416
6105,71.674,52.769
6107,68.74,54.691
6109,66.992,49.838
6111,73.828,55.532
6113,79.04,62.132
6115,69.077,51.189
8001,74.831,57.942
8003,73.253,56.049
8005,72.038,55.422
8007,69.724,51.723
8009,62.728,44.855
8011,65.326,48.824
8013,78.686,61.204
8014,73.058,55.786
8015,70.484,51.989
8017,60.6,43.207
8019,73.425,54.646
8021,72.293,54.993
8023,74.397,58.411
8025,66.029,48.915
8027,66.918,47.587
8029,63.6,47.942
8031,79.988,62.287
8033,66.058,47.433
8035,66.396,49.624
8037,75.592,57.999
8039,67.103,49.66
8041,66.029,46.123
8043,67.255,49.911
8045,71.751,53.269
8047,72.359,54.687
8049,72.648,54.849
8051,75.825,56.456
8053,70.56,50.875
8055,75.761,57.87
8057,65.336,47.107
8059,69.723,51.48
8061,58.854,41.528
8063,60.532,43.763
8065,74.236,55.323
8067,76.333,59.385
8069,73.179,55.514
8071,71.577,54.682
8073,63.736,46.312
8075,65.133,49.218
8077,65.469,48.231
8079,74.007,56.002
8081,54.221,39.969
8083,67.069,49.889
8085,64.543,47.539
8087,63.9,49.066
8089,70.531,52.235
8091,74.815,55.468
8093,70.41,52.628
8095,65.795,48.625
8097,78.707,59.974
8099,67.78,51.892
8101,71.433,55.831
8103,61.752,43.886
8105,69.397,52.283
8107,71.361,53.628
8109,77.546,60.95
8111,73.972,55.013
8113,79.467,61.676
8115,66.716,48.836
8117,77.203,58.613
8119,65.577,47.665
8121,60.137,42.777
8123,65.825,49.568
8125,64.46,46.164
9001,73.568,58.755
9003,71.494,53.6
9005,68.743,52.428
9007,72.038,55.881
9009,74.166,53.863
9011,70.799,54.413
9013,69.702,54.857
9015,66.054,52.356
10001,72.134,53.724
10003,70.256,53.154
10005,66.47,50.47
11001,83.625,64.698
12001,75.081,57.347
12003,56.099,40.42
12005,63.813,47.688
12007,59.161,44.608
12009,69.501,51.606
12011,75.033,58.661
12013,58.83,42.843
12015,67.363,50.779
12017,66.982,49.814
12019,61.155,43.867
12021,67.084,50.375
12023,61.176,45.399
12027,69.298,52.189
12029,58.406,42.379
12031,69.27,48.004
12033,67.197,48.724
12035,68.697,51.764
12037,66.054,48.967
12039,73.025,55.364
12041,58.731,42.774
12043,66.48,48.78
12045,60.945,43.871
12047,65.109,47.435
12049,66.193,49.5
12051,73.527,57.139
12053,64.716,48.131
12055,66.296,49.266
12057,72.26,56.303
12059,54.683,40.21
12061,65.589,48.842
12063,61.711,44.985
12065,69.362,51.314
12067,60.653,43.55
12069,69.123,52.564
12071,65.939,50.658
12073,71.532,53.889
12075,62.078,45.128
12077,64.198,48.596
12079,68.435,48.235
12081,70.895,52.446
12083,67.804,50.227
12085,65.627,47.279
12086,76.694,60.775
12087,75.168,56.551
12089,63.058,45.132
12091,64.176,45.993
12093,65.577,50.27
12095,69.277,53.46
12097,74.078,58.04
12099,76.171,54.526
12101,71.688,53.847
12103,69.589,53.929
12105,67.9,49.028
12107,59.338,45.907
12109,64.449,46.435
12111,71.545,53.137
12113,62.684,45.598
12115,67.527,50.682
12117,68.173,50.018
12119,65.72,48.163
12121,62.251,44.713
12123,62.859,46.823
12125,59.563,44.725
12127,69.048,50.071
12129,59.967,45.495
12131,61.123,44.705
12133,58.538,43.037
13001,59.545,42.901
13003,62.533,46.215
13005,62.178,46.286
13007,63.658,45.675
13009,65.564,48.045
13011,57.936,43.917
13013,60.478,43.85
13015,55.076,41.893
13017,65.272,47.454
13019,59.768,43.681
13021,70.218,49.129
13023,61.73,44.942
13025,56.279,41.747
13027,65.533,47.009
13029,62.897,45.409
13031,68.178,50.182
13033,64.557,47.195
13035,62.275,44.979
13037,74.855,54.636
13039,64.167,46.513
13043,63.553,46.377
13045,62.633,44.826
13047,57.496,42.418
13049,64.554,46.871
13051,72.518,52.573
13053,73.223,53.658
13055,58.585,42.658
13057,61.071,45.88
13059,74.97,57.167
13061,73.318,52.179
13063,75.329,57.512
13065,60.496,43.649
13067,69.994,52.899
13069,63.194,46.361
13071,63.434,46.539
13073,61.048,45.319
13075,61.592,44.215
13077,61.473,44.51
13079,62.101,46.037
13081,65.008,46.081
13083,59.83,42.312
13085,58.117,42.478
13087,65.856,47.235
13089,81.699,60.271
13091,60.323,43.236
13093,65.282,47.087
13095,75.413,56.135
13097,70.436,53.577
13099,65.688,47.04
13101,61.262,44.716
13103,58.097,41.689
13105,62.469,45.192
13107,64.135,46.227
13109,66.543,48.322
13111,59.062,45.219
13113,65.398,48.482
13115,59.858,44.358
13117,60.103,45.771
13119,58.072,43.348
13121,78.617,62.71
13123,59.816,44.719
13125,54.643,40.786
13127,65.194,48.313
13129,58.676,42.44
13131,64.676,47.063
13133,64.307,45.536
13135,65.786,52.938
13137,56.57,41.892
13139,61.494,45.797
13141,69.38,50.58
13143,55.937,41.309
13145,58.094,42.049
13147,59.693,43.226
13149,50.176,39.737
13151,69.707,51.666
13153,65.322,48.481
13155,62.66,44.429
13157,56.395,42.762
13159,61.043,44.241
13161,58.576,42.129
13163,68.518,49.233
13165,67.299,49.391
13167,65.634,46.545
13169,63.289,47.034
13171,66.572,49.618
13173,61.457,44.398
13175,61.764,43.833
13177,59.1,42.382
13179,72.16,53.068
13181,63.256,44.687
13183,66.996,50.637
13185,66.803,48.27
13187,59.12,42.856
13189,70.136,51.652
13191,58.875,41.335
13193,68.461,47.958
13195,63.752,47.621
13197,67.378,49.506
13199,65.284,48.057
13201,60.713,43.09
13205,70.209,51.999
13207,54.033,40.497
13209,59.555,42.593
13211,60.026,43.246
13213,56.669,42.507
13215,72.144,53.886
13217,68.793,49.875
13219,62.623,46.014
13221,60.703,44.299
13223,60.953,44.285
13225,69.722,51.009
13227,58.761,43.022
13229,55.914,41.443
13231,55.657,39.809
13233,60.005,45.464
13235,61.557,44.582
13237,63.274,46.635
13239,71.244,50.551
13241,62.978,47.215
13243,73.623,54.292
13245,72.795,54.545
13247,74.45,55.303
13249,61.861,43.512
13251,64.546,45.914
13253,65.587,47.2
13255,64.037,45.216
13257,61.205,44.634
13259,72.309,54.207
13261,69.292,49.723
13263,73.127,53.59
13265,70.148,50.597
13267,62.959,44.277
13269,66.148,47.117
13271,61.701,45.138
13273,69.262,49.488
13275,65.956,46.161
13277,65.31,47.843
13279,61.735,44.386
13281,63.118,46.203
13283,65.204,47.208
13285,63.267,46.327
13287,64.455,46.084
13289,64.737,48.373
13291,55.872,40.41
13293,63.665,46.425
13295,57.703,42.518
13297,59.613,42.849
13299,65.799,46.505
13301,67.78,47.92
13303,67.651,47.441
13305,59.708,43.967
13307,61.29,43.818
13309,60.835,44.73
13311,57.4,42.197
13313,61.738,47.953
13315,60.647,43.357
13317,65.476,46.667
13319,62.954,45.463
13321,59.862,43.675
15001,78.729,62.112
15003,81.254,63.228
15005,70.218,53.4
15007,76.957,61.072
15009,77.255,60.265
16001,68.622,50.627
16003,62.953,45.449
16005,68.256,49.854
16007,61.732,45.212
16009,61.103,44.501
16011,59.34,44.34
16013,73.959,55.751
16015,68.524,51.024
16017,65.038,46.897
16019,65.446,47.151
16021,62.539,46.502
16023,59.198,42.129
16025,64.049,46.108
16027,59.882,45.161
16029,56.995,40.461
16031,60.275,45.181
16033,63.445,46.164
16035,61.806,44.749
16037,63.678,45.145
16039,62.542,45.919
16041,54.772,38.886
16043,60.17,43.168
16045,63.022,46.667
16047,61.552,45.177
16049,62.021,44.117
16051,57.727,40.691
16053,60.358,45.512
16055,62.381,45.626
16057,74.981,57.036
16059,63.002,45.228
16061,63.298,45.283
16063,66.715,51.002
16065,61.241,42.452
16067,58.676,43.612
16069,63.977,47.282
16071,54.939,38.919
16073,62.355,45.576
16075,61.477,44.069
16077,62.373,47.522
16079,67.254,50.565
16081,68.637,50.469
16083,61.301,44.882
16085,67.531,49.095
16087,63.329,46.574
17001,62.861,46.801
17003,68.349,50.948
17005,62.581,46.396
17007,66.233,50.532
17009,62.894,47.959
17011,64.427,48.214
17013,65.578,49.403
17015,67.708,51.004
17017,66.984,50.868
17019,74.893,57.238
17021,57.979,44.226
17023,60.489,44.321
17025,57.157,42.02
17027,62.95,46.12
17029,67.187,49.595
17031,79.17,62.881
17033,58.662,43.852
17035,60.701,44.054
17037,69.833,52.531
17039,61.7,45.838
17041,62.62,45.524
17043,74.712,54.537
17045,60.212,44.611
17047,56.557,40.894
17049,58.745,43.217
17051,60.792,44.585
17053,60.962,45.438
17055,62.9,46.954
17057,66.908,50.989
17059,61.272,45.753
17061,63.442,46.431
17063,64.51,49.073
17065,61.863,44.982
17067,63.344,46.566
17069,59.196,43.338
17071,64.802,48.506
17073,67.449,50.994
17075,59.805,43.78
17077,72.484,56.118
17079,54.133,40.405
17081,62.944,46.593
17083,61.909,46.696
17085,66.714,50.609
17087,57.06,41.583
17089,70.063,52.445
17091,68.137,51.136
17093,68.838,51.982
17095,69.304,52.956
17097,74.557,57.565
17099,67.164,47.628
17101,63.076,46.568
17103,64.272,47.713
17105,60.869,44.622
17107,61.823,45.053
17109,66.468,49.332
17111,65.873,47.064
17113,70.344,53.75
17115,63.28,48.352
17117,65.072,48.872
17119,64.718,48.835
17121,61.459,45.922
17123,67.495,51.704
17125,61.902,47.801
17127,56.261,42.792
17129,64.924,49.432
17131,64.195,48.276
17133,57.449,42.969
17135,61.347,46.583
17137,66.651,50.649
17139,61.647,45.434
17141,64.481,47.544
17143,67.192,51.095
17145,63.189,46.987
17147,62.507,45.462
17149,61.309,45.465
17151,61.448,44.455
17153,64.378,46.133
17155,63.323,48.095
17157,60.69,45.108
17159,62.23,46.016
17161,68.662,52.655
17163,71.474,52.546
17165,61.785,45.212
17167,67.205,48.069
17169,65.487,48.826
17171,61.445,45.58
17173,60.573,44.119
17175,64.5,47.135
17177,67.874,51.081
17179,62.882,46.874
17181,64.066,47.433
17183,66.655,49.806
17185,52.388,39.609
17187,68.939,51.911
17189,60.548,43.962
17191,55.979,41.063
17193,60.056,44.216
17195,68.595,51.769
17197,68.548,53.183
17199,64.424,48.586
17201,67.54,51.085
17203,60.612,44.095
18001,61.83,46.093
18003,64.41,47.693
18005,64.197,47.734
18007,62.035,46.243
18009,62.32,46.502
18011,60.38,45.485
18013,66.333,49.86
18015,61.777,45.218
18017,62.674,46.472
18019,66.171,48.778
18021,60.18,45.182
18023,62.772,46.927
18025,62.924,47.207
18027,58.028,43.193
18029,57.859,42.596
18031,59.992,44.093
18033,61.029,45.647
18035,67.012,51.058
18037,61.755,46.209
18039,66.271,48.318
18041,62.576,47.15
18043,63.836,46.86
18045,60.655,45.727
18047,58.96,43.729
18049,61.149,45.635
18051,53.412,40.824
18053,66.398,46.533
18055,60.27,44.534
18057,63.778,48.42
18059,59.981,44.217
18061,59.098,45.641
18063,63.02,45.528
18065,61.21,45.684
18067,62.811,47.868
18069,60.446,44.253
18071,62.049,45.816
18073,56.953,43.744
18075,63.894,47.517
18077,60.495,46.047
18079,63.633,48.625
18081,59.739,44.744
18083,59.008,44.598
18085,59.588,44.181
18087,65.965,48.487
18089,70.318,53.653
18091,68.559,51.411
18093,60.451,46.147
18095,65.415,49.031
18097,70.361,55.925
18099,64.216,46.305
18101,57.425,42.208
18103,61.392,47.388
18105,74.639,59.697
18107,60.696,45.102
18109,59.975,44.761
18111,61.679,45.881
18113,60.561,45.46
18115,51.721,39.468
18117,61.937,45.936
18119,63.359,48.458
18121,60.373,43.757
18123,64.049,48.562
18125,54.381,41.373
18127,66.874,50.372
18129,58.561,43.393
18131,62.584,46.323
18133,61.555,45.19
18135,62.592,46.925
18137,59.476,44.65
18139,60.522,44.641
18141,67.308,50.776
18143,65.952,51.175
18145,63.036,46.957
18147,55.458,41.816
18149,62.898,46.681
18151,61.12,45.543
18153,55.454,42.595
18155,56.578,42.923
18157,69.599,51.871
18159,60.796,44.973
18161,59.1,44.072
18163,66.643,48.823
18165,55.504,43
18167,66.638,50.976
18169,59.584,44.351
18171,60.91,45.224
18173,58.717,42.791
18175,62.334,46.731
18177,65.121,49.663
18179,58.311,43.22
18181,63.663,47.002
18183,61.06,46.389
19001,65.255,48.829
19003,67.28,50.872
19005,66.433,49.955
19007,66.497,49.32
19009,66.101,49.593
19011,67.324,49.879
19013,70.445,54.752
19015,67.659,50.914
19017,67.154,49.779
19019,67.525,50.475
19021,70.208,52.484
19023,63.834,46.939
19025,64.137,47.044
19027,65.308,48.655
19029,63.92,47.265
19031,66.876,50.062
19033,68.442,51.827
19035,64.481,47.523
19037,67.21,50.118
19039,67.126,49.911
19041,66.49,49.308
19043,66.094,49.421
19045,67.425,51.839
19047,66.931,50.616
19049,67.635,50.405
19051,67.918,50.234
19053,69.876,52.692
19055,66.261,49.546
19057,70.553,54.131
19059,64.015,46.524
19061,68.664,52.012
19063,65.586,48.534
19065,69.928,52.896
19067,67.604,50.894
19069,64.687,47.896
19071,58.397,44.064
19073,66.213,48.797
19075,62.92,45.187
19077,65.843,48.74
19079,65.225,48.203
19081,63.174,46.333
19083,63.882,46.751
19085,64.894,48.218
19087,65.402,48.956
19089,69.981,53.753
19091,62.606,45.499
19093,62.558,45.522
19095,67.141,49.348
19097,67.885,51.096
19099,66.647,49.991
19101,72.413,53.734
19103,78.896,61.225
19105,67.338,51.211
19107,67.51,50.627
19109,63.599,46.963
19111,66.196,50.351
19113,70.409,52.952
19115,65.605,48.723
19117,63.668,47.642
19119,57.527,41.78
19121,64.968,48.187
19123,64.154,47.754
19125,65.247,48.16
19127,69.755,52.203
19129,59.585,44.638
19131,67.338,50.031
19133,64.466,47.717
19135,61.006,45.578
19137,62.769,45.897
19139,63.843,49.923
19141,62.335,45.282
19143,62.394,45.969
19145,62.107,45.342
19147,65.614,48.799
19149,61.85,45.259
19151,65.356,47.923
19153,67.763,52.731
19155,64.479,49.705
19157,72.017,53.525
19159,67.526,50.838
19161,63.028,46.25
19163,68.021,51.096
19165,63.767,46.845
19167,60.545,43.012
19169,73.869,54.792
19171,68.442,52.023
19173,67.454,51.296
19175,68.351,51.794
19177,65.784,47.913
19179,64.548,49.332
19181,65.381,48.711
19183,68.903,52.968
19185,66.077,49.302
19187,65.458,49.801
19189,69.139,51.432
19191,72.216,54.046
19193,65.354,50.287
19195,68.037,51.063
19197,65.199,48.339
20001,62.559,45.585
20003,61.414,44.316
20005,64.534,46.963
20007,57.731,41.482
20009,58.545,43.663
20011,63.639,47.278
20013,60.978,44.256
20015,59.834,43.866
20017,62.533,45.028
20019,59.496,43.058
20021,60.022,43.486
20023,61.248,44.689
20025,62.315,46.416
20027,62.901,46.806
20029,61.384,45.063
20031,59.604,43.295
20033,61.046,43.915
20035,62.705,46.087
20037,66.16,48.997
20039,59.711,42.952
20041,60.093,43.303
20043,58.442,42.406
20045,75.754,57.66
20047,61.899,46.157
20049,61.785,45.402
20051,60.098,43.635
20053,61.284,44.343
20055,64.105,48.389
20057,64.586,49.785
20059,64.175,47.494
20061,67.767,49.893
20063,60.152,42.157
20065,60.721,42.886
20067,61.698,45.762
20069,58.185,41.706
20071,61.654,46.185
20073,58.809,42.692
20075,60.9,44.382
20077,59.791,43.61
20079,66.503,49.236
20081,59.703,44.473
20083,58.844,41.877
20085,63.011,45.297
20087,60.026,44.962
20089,58.668,42.312
20091,71.834,50.082
20093,62.079,45.535
20095,60.21,43.04
20097,59.34,41.843
20099,65.252,47.354
20101,61.237,44.936
20103,66.564,49.59
20105,60.972,44.703
20107,52.778,39.508
20109,61.832,45.593
20111,68.554,51.525
20113,60.435,44.69
20115,63.455,47.061
20117,60.6,44.105
20119,59.048,42.519
20121,61.543,44.55
20123,56.809,40.712
20125,61.725,44.599
20127,61.839,46.457
20129,58.306,42.272
20131,59.241,42.575
20133,60.896,44.112
20135,58.331,41.429
20137,56.135,40.933
20139,61.818,45.646
20141,58.543,41.83
20143,61.984,46.145
20145,60.655,44.038
20147,59.034,43.2
20149,53.971,41.005
20151,60.497,43.801
20153,64.178,46.929
20155,61.646,45.806
20157,59.737,42.769
20159,63.854,46.416
20161,70.628,51.859
20163,57.984,41.43
20165,62.451,45.874
20167,57.961,41.551
20169,63.848,46.176
20171,54.113,39.678
20173,65.974,48.937
20175,66.507,49.907
20177,69.179,51.482
20179,54.927,39.296
20181,62.811,45.987
20183,59.616,42.828
20185,63.148,45.44
20187,60.209,43.949
20189,61.086,45.949
20191,61.081,44.769
20193,58.932,41.85
20195,59.849,42.493
20197,55.062,40.59
20199,55.913,39.832
20201,59.321,42.213
20203,62.439,44.755
20205,58.496,42.27
20207,60.637,44.444
20209,74.219,57.993
21001,59.199,41.865
21003,59.678,43.941
21005,64.256,48.687
21007,58.733,43.262
21009,62.626,46.128
21011,65.424,49.94
21013,58.765,42.839
21015,61.095,47.381
21017,65.048,48.137
21019,65.223,49.929
21021,64.052,47.065
21023,61.573,47.647
21025,63.375,47.28
21027,63.111,47.005
21029,60.29,45.426
21031,57.309,43.92
21033,63.214,47.969
21035,63.806,48.679
21037,65.341,49.1
21039,59.579,43.623
21041,56.368,42.777
21043,63.672,47.2
21045,57.287,41.687
21047,64.445,46.682
21049,61.656,45.277
21051,56.674,42.267
21053,53.731,40.244
21055,58.5,42.487
21057,55.364,40.725
21059,60.985,47.096
21061,59.269,43.474
21063,65.037,49.019
21065,59.122,43.649
21067,72.893,56.075
21069,62.295,46.779
21071,59.164,44.506
21073,67.845,52.244
21075,55.619,41.446
21077,60.043,44.775
21079,58.367,43.241
21081,59.408,43.699
21083,60.992,44.814
21085,60.326,45.081
21087,59.65,43.061
21089,62.159,46.21
21091,59.972,45.339
21093,64.309,46.703
21095,56.187,41.856
21097,61.652,46.038
21099,63.645,47.4
21101,61.361,46.337
21103,62.536,46.629
21105,59.646,43.652
21107,60.735,45.688
21109,59.765,44.977
21111,69.985,51.778
21113,61.967,45.768
21115,55.491,40.901
21117,65.43,48.917
21119,57.308,42.634
21121,57.391,44.278
21123,58.877,43.266
21125,58.01,43.899
21127,53.378,40.614
21129,58.045,43.666
21131,53.082,39.6
21133,57.919,43.451
21135,55.863,42.576
21137,60.203,44.506
21139,56.968,42.135
21141,59.125,43.981
21143,61.269,45.409
21145,59.848,44.872
21147,60.38,44.559
21149,62.804,47.389
21151,63.227,47.187
21153,55.792,40.849
21155,64.566,48.392
21157,61.949,46.673
21159,55.195,40.006
21161,54.486,41.108
21163,60.875,44.382
21165,61.555,46.601
21167,58.841,44.165
21169,60.188,44.501
21171,57.328,42.36
21173,61.024,45.037
21175,58.836,44.12
21177,54.274,41.767
21179,65.662,49.715
21181,60.915,45.642
21183,54.764,41.906
21185,64.441,48.526
21187,61.495,44.844
21189,58.653,44.111
21191,55.773,41.83
21193,56.109,41.665
21195,58.493,43.893
21197,61.96,46.199
21199,56.442,41.115
21201,62.47,46.135
21203,54.747,40.259
21205,66.45,50.695
21207,54.483,40.766
21209,64.197,47.431
21211,65.284,48.882
21213,61.072,44.588
21215,58.451,42.997
21217,59.985,43.999
21219,59.631,43.452
21221,60.199,43.607
21223,54.865,41.549
21225,61.612,45.131
21227,65.923,48.957
21229,62.188,45.987
21231,59.596,44
21233,54.787,41.28
21235,58.316,43.147
21237,63.591,48.935
21239,66.738,49.921
22001,58.877,42.531
22003,59.589,42.635
22005,62.666,46.842
22007,64.486,47.574
22009,63.425,45.887
22011,56.913,40.976
22013,66.833,48.252
22015,61.966,44.56
22017,67.495,50.616
22019,60.534,45.532
22021,60.592,45.523
22023,51.204,38.447
22025,61.653,44.349
22027,63.738,45.476
22029,62.396,44.96
22031,59.343,44.072
22033,69.761,50.972
22035,68.579,49.748
22037,63.127,46.445
22039,62.605,45.259
22041,60.381,43.033
22043,58.371,43.907
22045,65.028,48.382
22047,65.866,48.427
22049,61.275,43.531
22051,67.579,49.39
22053,61.04,43.996
22055,65.375,47.097
22057,60.501,43.679
22059,54.336,39.518
22061,67.651,49.207
22063,56.058,41.198
22065,68.093,49.113
22067,63.837,45.705
22069,68.217,49.386
22071,80.174,61.748
22073,64.065,46.995
22075,61.772,44.808
22077,61.033,44.436
22079,63.256,45.722
22081,61.938,45.416
22083,60.383,43.499
22085,59.689,43.249
22087,62.953,47.127
22089,59.826,43.95
22091,68.434,49.306
22093,67.229,48.626
22095,70.292,51.881
22097,64.621,47.284
22099,64.735,47.056
22101,62.719,46.43
22103,60.675,44.989
22105,63.773,45.982
22107,66.92,48.174
22109,61.093,44.552
22111,58.01,41.901
22113,56.989,41.589
22115,59.55,42.309
22117,62.431,44.334
22119,62.076,45.826
22121,63.274,45.308
22123,54.711,39.673
22125,56.614,41.598
22127,61.658,43.891
23001,71.315,54.949
23003,68.418,51.422
23005,72.619,56.374
23007,73.187,56.675
23009,74.664,57.282
23011,70.935,53.79
23013,73.919,56.726
23015,71.801,54.699
23017,69.624,52.084
23019,69.941,53.447
23021,65.62,49.322
23023,71.869,55.293
23025,67.589,52.312
23027,71.359,54.666
23029,67.601,50.982
23031,72.276,56.305
24001,62.439,46.647
24003,68.675,51.6
24005,76.398,55.611
24009,67.875,50.258
24011,63.728,46.832
24013,63.514,46.891
24015,63.805,48
24017,74.536,56.404
24019,67.148,48.558
24021,69.695,53.615
24023,59.452,43.261
24025,66.812,49.474
24027,74.928,57.69
24029,70.685,52.413
24031,82.153,65.677
24033,78.127,60.528
24035,65.641,48.068
24037,66.313,49.105
24039,69.31,52.123
24041,66.464,48.332
24043,65.362,49.563
24045,69.081,50.113
24047,66.794,49.657
24510,79.99,57.965
25001,71.814,53.962
25003,72.55,56.41
25005,71.953,57.186
25007,75.804,58.298
25009,72.31,55.498
25011,74.3,58.051
25013,72.62,55.535
25015,79.417,61.492
25017,75.664,60.104
25019,73.082,54.645
25021,75.734,59.726
25023,72.75,55.737
25025,81.238,65.586
25027,70.803,54.492
26001,63.381,46.606
26003,67.697,50.39
26005,63.627,48.997
26007,66.532,49.444
26009,65.656,48.385
26011,64.975,48.646
26013,66.065,50.592
26015,63.72,47.716
26017,66.017,50.969
26019,67.551,50.352
26021,64.691,48.449
26023,63.367,47.109
26025,68.177,51.233
26027,61.955,46.284
26029,66.759,49.858
26031,66.078,49.189
26033,67.977,50.953
26035,65.699,50.303
26037,65.626,48.355
26039,65.342,48.356
26041,63.782,48.438
26043,63.705,47.646
26045,68.893,51.02
26047,66.397,48.642
26049,72.078,55.841
26051,64.874,49.104
26053,66.492,52.002
26055,67.055,49.742
26057,67.403,51.17
26059,62.868,47.27
26061,68.673,50.265
26063,63.592,46.963
26065,75.552,59.565
26067,64.143,47.955
26069,65.441,48.906
26071,64.874,47.825
26073,70.683,53.583
26075,65.838,49.257
26077,72.531,55.398
26079,65.299,49.68
26081,65.12,50.824
26083,67.389,49.113
26085,67.003,50.232
26087,63.853,47.548
26089,71.212,53.894
26091,65.024,49.325
26093,63.198,45.517
26095,64.418,47.881
26097,68.856,51.087
26099,66.704,50.119
26101,67.91,50.939
26103,70.032,51.577
26105,66.464,50.001
26107,67.568,50.663
26109,64.632,48.089
26111,65.113,47.698
26113,62.389,45.384
26115,64.529,49.093
26117,66.176,49.786
26119,61.802,44.986
26121,67.067,52.048
26123,62.972,47.604
26125,71.249,52.024
26127,66.27,49.228
26129,64.584,48.639
26131,64.585,47.677
26133,64.533,48.572
26135,64.809,47.751
26137,63.29,46.825
26139,60.314,46.337
26141,66.39,49.545
26143,67.202,50.358
26145,69.481,50.511
26147,65.289,47.467
26149,65.427,49.218
26151,64.625,47.328
26153,65.976,49.531
26155,67.498,51.31
26157,64.941,48.876
26159,67.8,50.892
26161,79.928,62.194
26163,70.189,55.155
26165,64.302,47.703
27001,66.892,48.963
27003,65.111,47.743
27005,66.122,48.768
27007,71.331,53.915
27009,66.393,51.072
27011,63.137,47.22
27013,67.934,51.174
27015,64.599,47.201
27017,67.764,51.825
27019,67.578,50.546
27021,65.391,48.884
27023,66.119,49.275
27025,65.165,48.643
27027,70.751,52.804
27029,65.07,48.308
27031,72.202,54.94
27033,67.088,48.826
27035,65.743,48.981
27037,70.321,51.317
27039,64.884,48.021
27041,65.383,48.005
27043,64.287,48.339
27045,70.013,51.416
27047,67.427,50.575
27049,66.969,49.273
27051,65.577,48.281
27053,76.671,62.567
27055,65.671,48.91
27057,65.685,47.376
27059,63.601,47.424
27061,64.306,48.864
27063,64.287,47.57
27065,65.525,49.348
27067,63.706,47.063
27069,69.864,51.683
27071,69.178,51.775
27073,68.274,51.084
27075,69.743,51.847
27077,64.387,47.01
27079,65.554,49.031
27081,67.745,50.278
27083,67.415,49.488
27085,67.283,49.695
27087,67.46,50.166
27089,65.628,49.451
27091,63.565,47.302
27093,63.562,45.508
27095,66.364,48.249
27097,64.476,47.075
27099,72.193,54.175
27101,66.796,49.876
27103,71.144,54.115
27105,68.769,51.535
27107,67.661,50.653
27109,71.68,51.488
27111,64.944,47.981
27113,67.903,50.547
27115,67.512,51.469
27117,65.145,48.625
27119,64.379,48.05
27121,66.934,49.79
27123,77.012,59.893
27125,66.384,50.001
27127,63.272,46.356
27129,64.883,48.126
27131,71.327,55.939
27133,64.163,47
27135,65.927,48.682
27137,70.634,54.759
27139,65.255,49.332
27141,61.478,45.532
27143,63.984,47.407
27145,63.797,48.575
27147,66.423,51.335
27149,69.943,51.563
27151,68.765,51.022
27153,64.846,48.083
27155,69.76,52.859
27157,67.141,50.994
27159,62.218,45.665
27161,65.785,48.524
27163,68.472,55.311
27165,68.277,51.733
27167,63.912,46.765
27169,70.726,53.25
27171,63.486,45.657
27173,67.22,49.912
28001,69.309,49.576
28003,56.998,41.347
28005,66.285,47.581
28007,65.777,46.302
28009,61.734,44.828
28011,73.925,55.157
28013,63.193,45.706
28015,58.447,41.786
28017,67.317,48.206
28019,54.903,39.872
28021,74.067,54.14
28023,66.783,48.881
28025,69.13,50.285
28027,74.189,53.357
28029,68.318,49.872
28031,63.231,45.354
28033,61.301,45.58
28035,68.051,50.15
28037,62.595,44.827
28039,58.609,41.26
28041,59.925,42.575
28043,65.839,47.685
28045,58.92,43.067
28047,63.005,47.613
28049,69.763,53.057
28051,72.905,52.605
28053,72.181,51.805
28055,70.553,50.499
28057,55.005,39.895
28059,63.192,45.419
28061,67.837,48.936
28063,72.929,52.542
28065,67.998,49.263
28067,61.34,45.164
28069,70.33,50.593
28071,66.574,48.299
28073,59.236,43.364
28075,65.336,46.408
28077,64.491,47.036
28079,65.849,47.311
28081,63.383,47.04
28083,71.785,51.755
28085,63.051,46.209
28087,66.671,48.238
28089,67.763,49.827
28091,63.152,45.226
28093,68.872,50.385
28095,62.739,45.102
28097,62.981,45.095
28099,63.842,45.167
28101,62.482,44.416
28103,73.451,52.799
28105,70.416,51.278
28107,65.147,46.851
28109,57.131,41.461
28111,57.457,42.195
28113,70.3,49.939
28115,59.991,44.818
28117,58.614,42.918
28119,72.994,52.546
28121,60.443,44.068
28123,66.677,48.715
28125,74.573,54.86
28127,64.482,46.279
28129,56.66,41.463
28131,61.661,45.363
28133,73.191,53.742
28135,68.739,50.556
28137,63.16,45.486
28139,57.291,42.886
28141,56.462,41.203
28143,71.722,51.434
28145,60.301,43.784
28147,67.808,50.743
28149,68.619,49.6
28151,74.524,54.166
28153,64.752,46.688
28155,60.057,42.624
28157,72.876,52.998
28159,67.116,48.354
28161,64.32,46.197
28163,68.622,50.272
29001,66.329,48.549
29003,63.23,47.652
29005,56.208,41.661
29007,63.063,46.542
29009,60.046,44.697
29011,57.6,42.019
29013,59.946,44.729
29015,62.28,46.297
29017,59.903,44.482
29019,72.755,54.29
29021,66.216,50.772
29023,59.34,44.151
29025,61.675,45.262
29027,63.97,48.22
29029,62.524,45.144
29031,61.334,45.871
29033,60.664,44.516
29035,62.75,47.225
29037,63.679,47.12
29039,59.379,43.692
29041,56.633,42.568
29043,59.602,44.103
29045,64.166,48.199
29047,67.338,50.728
29049,62.381,47.791
29051,63.094,47.314
29053,62.457,46.2
29055,62.262,46.242
29057,59.322,43.183
29059,62.857,45.094
29061,64.597,47.842
29063,59.5,43.491
29065,58.034,42.721
29067,60.258,44.345
29069,59.83,44.177
29071,59.497,43.905
29073,60.128,44.116
29075,63.383,47.008
29077,66.365,49.451
29079,61.709,45.191
29081,58.748,42.857
29083,58.09,42.837
29085,62.283,45.374
29087,59.424,42.872
29089,65.503,48.681
29091,60.659,44.517
29093,63.761,47.36
29095,72,56.146
29097,59.532,45.062
29099,62.842,46.958
29101,63.211,46.743
29103,63.738,46.437
29105,62.678,47.014
29107,62.288,45.87
29109,60.519,43.878
29111,64.244,46.726
29113,61.148,45.402
29115,65.615,49.88
29117,60.905,44.471
29119,61.662,46.129
29121,60.622,44.383
29123,58.9,43.327
29125,63.766,46.321
29127,59.526,43.871
29129,60.622,43.519
29131,60.923,44.848
29133,63.593,46.629
29135,61.221,44.247
29137,62.062,45.226
29139,61.412,45.497
29141,66.181,50.155
29143,55.377,42.879
29145,60.04,44.757
29147,65.466,49.204
29149,62.796,47.719
29151,60.374,44.376
29153,60.059,44.143
29155,63.639,47.242
29157,60.665,44.717
29159,62.806,46.05
29161,62.571,46.037
29163,60.408,44.416
29165,65.739,49.034
29167,59.426,43.628
29169,68.327,48.964
29171,59.247,42.979
29173,60.361,44.18
29175,56.88,41.237
29177,61.788,46.02
29179,63.157,46.742
29181,59.916,44.462
29183,63.942,47.801
29185,61.741,45.799
29186,61.088,45.714
29187,62.277,47.317
29189,73.216,52.888
29195,65.024,49.394
29197,63.492,46.39
29199,64.746,47.161
29201,62.478,45.975
29203,64.231,48.547
29205,60.864,44.133
29207,57.33,42.511
29209,58.811,43.558
29211,65.722,48.25
29213,61.643,45.839
29215,60.334,44.65
29217,62.44,46.607
29219,63.111,45.963
29221,63.102,47.253
29223,60.279,44.29
29225,61.462,46.011
29227,66.62,50.123
29229,60.083,43.632
29510,77.663,59.861
30001,65.486,46.721
30003,74.094,56.934
30005,73.496,54.817
30007,60.952,43.599
30009,69.512,50.864
30011,60.961,42.45
30013,66.01,49.033
30015,67.752,48.175
30017,65.609,48.326
30019,59.75,42.65
30021,64.653,48.439
30023,74.384,57.669
30025,57.082,40.684
30027,62.321,44.62
30029,63.858,45.277
30031,70.647,50.808
30033,55.315,39.266
30035,75.938,57.874
30037,64.149,45.742
30039,65.005,46.739
30041,69.201,52.178
30043,64.922,46.432
30045,67.041,48.345
30047,71.319,53.711
30049,69.35,51.049
30051,65.489,46.857
30053,60.656,44.652
30055,63.369,46.679
30057,64.869,45.739
30059,64.29,45.911
30061,65.457,49.66
30063,75.428,57.198
30065,60.836,43.283
30067,70.306,51.134
30069,65.258,47.956
30071,62.805,44.603
30073,67.218,48.457
30075,63.99,45.784
30077,64.112,46.624
30079,64.009,45.707
30081,65.396,46.54
30083,57.784,41.946
30085,71.368,54.759
30087,61.505,45.652
30089,62.177,45.212
30091,64.29,46.417
30093,71.58,54.829
30095,65.63,46.961
30097,64.75,45.804
30099,64.687,47.187
30101,62.803,44.921
30103,65.347,46.737
30105,63.607,46.427
30107,65.462,47.574
30109,64.47,47.836
30111,64.273,48.259
31001,61.491,45.65
31003,58.765,41.918
31005,62.613,43.458
31007,61.005,42.57
31009,60.273,41.83
31011,60.319,43.628
31013,61.247,44.958
31015,60.705,42.869
31017,57.787,40.935
31019,63.495,47.456
31021,65.744,49.969
31023,60.934,44.173
31025,62.992,46.621
31027,59.926,43.123
31029,58.658,41.751
31031,65.199,47.741
31033,59.015,42.298
31035,58.949,42.518
31037,64.305,47.964
31039,59.868,43.821
31041,59.467,42.436
31043,63.202,48.261
31045,66.458,47.671
31047,64.217,48.041
31049,61.84,44.098
31051,62.475,45.856
31053,64.896,47.521
31055,69.001,51.942
31057,59.761,42.287
31059,60.95,43.883
31061,62.89,47.097
31063,62.564,44.9
31065,59.536,42.316
31067,64.405,47.412
31069,62.622,44.896
31071,58.755,41.519
31073,59.513,42.515
31075,59.882,41.586
31077,62.884,45.039
31079,62.773,47.398
31081,59.49,43.184
31083,58.885,41.959
31085,60.382,42.207
31087,60.737,44.042
31089,60.046,42.698
31091,62.54,43.638
31093,62.814,45.742
31095,62.797,45.725
31097,64.602,47.197
31099,60.463,43.446
31101,62.907,45.922
31103,61.697,43.344
31105,60.889,43.774
31107,61.797,44.774
31109,71.919,52.786
31111,54.488,41.01
31113,62.452,43.594
31115,62.333,43.778
31117,65.096,45.81
31119,56.968,40.996
31121,61.425,44.46
31123,63.743,46.937
31125,62.631,45.968
31127,64.026,46.336
31129,61.457,43.993
31131,61.706,46.355
31133,63.376,45.645
31135,60.2,43.665
31137,60.279,43.269
31139,57.787,41.958
31141,60.991,43.651
31143,59.596,42.471
31145,59.096,42.494
31147,62.734,46.126
31149,62.492,44.749
31151,68.694,51.8
31153,62.631,46.319
31155,62,46.033
31157,62.761,46.952
31159,62.239,45.489
31161,62.305,46.293
31163,65.991,49.867
31165,63.606,46.768
31167,59.537,42.715
31169,60.806,44.176
31171,61.504,42.766
31173,67.453,51.113
31175,60.153,42.98
31177,59.633,42.806
31179,63.576,46.388
31181,63.468,47.664
31183,65.237,47.347
31185,59.163,42.526
32001,61.664,44.841
32003,73.056,56.462
32005,66.312,48.434
32007,65.025,46.467
32009,62.314,44.636
32011,53.528,38.609
32013,62.27,45.943
32015,64.383,46.519
32017,57.729,41.294
32019,62.714,46.311
32021,66.141,48.67
32023,64.988,47.518
32027,65.001,48.322
32029,57.245,43.662
32031,72.978,55.842
32033,64.174,46.212
32510,68.277,51.711
33001,65.208,49.257
33003,68.218,50.646
33005,73.827,56.707
33007,70.294,54.133
33009,73.702,56.473
33011,69.586,52.835
33013,68.939,52.716
33015,69.748,53.641
33017,71.11,54.842
33019,71.64,55.514
34001,73.451,54.314
34003,77.74,60.592
34005,73.33,57.089
34007,76.867,58.044
34009,68.995,51.233
34011,72.651,56.566
34013,79.919,63.531
34015,69.347,52.642
34017,80.969,64.956
34019,65.464,52.032
34021,77.846,61.324
34023,78.805,58.999
34025,71.72,52.725
34027,73.793,53.775
34029,65.929,47.883
34031,77.653,58.438
34033,66.139,49.608
34035,75.749,57.543
34037,64.209,48.135
34039,76.842,58.43
34041,66.645,50.659
35001,75.851,60.392
35003,66.569,47.556
35005,65.739,50.017
35006,77.239,61.861
35007,71.514,53.715
35009,64.489,47.569
35011,66.718,51.162
35013,73.646,58.939
35015,62.469,47.05
35017,72.929,56.733
35019,75.701,61.373
35021,73.087,55.861
35023,71.14,54.327
35025,62.721,48.206
35027,67.504,50.055
35028,71.274,52.815
35029,70.756,55.111
35031,74.125,56.851
35033,77.757,61.085
35035,66.116,48.099
35037,67.899,50.857
35039,77.98,63.466
35041,66.758,50.852
35043,73.227,56.496
35045,58.46,44.298
35047,77.683,62.775
35049,78.349,62.415
35051,65.281,48.813
35053,74.159,58.833
35055,78.997,61.963
35057,68.281,52.28
35059,66.677,51.353
35061,71.726,55.855
36001,75.883,59.078
36003,65.626,48.435
36005,79.738,60.934
36007,67.396,51.887
36009,66.512,49.746
36011,69.831,52.856
36013,65.591,49.062
36015,67.871,48.521
36017,69.41,53.108
36019,71.242,55.431
36021,71.345,55.476
36023,69.919,52.03
36025,68.562,51.966
36027,70.642,54.669
36029,73.897,55.564
36031,71.408,54.699
36033,72.777,55.624
36035,65.061,50.039
36037,63.164,47.708
36039,65.722,51.276
36041,66.169,50.102
36043,66.82,50.896
36045,70.112,53.832
36047,75.884,56.853
36049,64.992,48.949
36051,65.886,48.933
36053,66.855,50.307
36055,71.897,53.855
36057,66.986,50.681
36059,75.365,54.535
36061,83.026,68.167
36063,65.555,48.195
36065,66.236,50.604
36067,73.053,55.091
36069,69.778,52.348
36071,72.549,56.105
36073,61.729,46.307
36075,68.784,51.037
36077,70.457,53.232
36079,70.722,52.691
36081,80.228,59.623
36083,73.098,54.819
36085,75.265,55.957
36087,73.287,54.183
36089,70.302,53.075
36091,70.574,52.279
36093,73.241,55.323
36095,66.665,50.15
36097,66.947,50.008
36099,69.926,52.823
36101,65.184,49.79
36103,71.549,56.537
36105,69.967,54.623
36107,65.94,49.533
36109,80.763,62.612
36111,74.944,58.229
36113,68.503,49.901
36115,69.251,52.604
36117,64.333,49.715
36119,76.247,59.745
36121,62.131,44.812
36123,70.826,54.497
37001,67.536,49.296
37003,60.903,44.809
37005,61.554,45.66
37007,70.669,50.251
37009,63.099,46.448
37011,59.549,43.115
37013,64.775,47.062
37015,70.809,51.352
37017,67.599,49.31
37019,66.022,47.042
37021,71.895,54.246
37023,64.005,48.584
37025,64.849,46.846
37027,60.191,45.02
37029,61.195,44.398
37031,63.963,46.839
37033,66.837,48.557
37035,62.73,47.184
37037,72.239,54.354
37039,59.785,43.591
37041,68.259,50.112
37043,58.493,43.615
37045,62.998,47.73
37047,64.762,46.982
37049,66.63,48.231
37051,73.16,55.246
37053,62.784,47.407
37055,68.163,51.978
37057,57.248,43.339
37059,60.418,44.312
37061,66.51,48.778
37063,77.875,61.501
37065,72.855,53.938
37067,70.864,54.601
37069,67.653,50.673
37071,63.037,45.901
37073,66.341,48.081
37075,59.827,43.778
37077,68.049,50.325
37079,67.13,49.002
37081,75.063,55.561
37083,71.32,52.225
37085,65.167,47.286
37087,65.112,48.466
37089,65.097,50.147
37091,72.072,52.819
37093,70.846,52.931
37095,73.952,55.309
37097,62.551,46.24
37099,68.794,51.789
37101,64.861,48.065
37103,66.892,47.626
37105,66.564,48.516
37107,68.877,49.501
37109,61.459,45.473
37111,63.113,46.044
37113,68.503,51.879
37115,68.846,52.488
37117,61.69,42.924
37119,74.505,57.636
37121,59.238,44.173
37123,66.585,50.855
37125,64.55,47.631
37127,66.954,50.022
37129,69.085,49.791
37131,70.371,51.115
37133,67.846,48.677
37135,80.173,62.846
37137,66.557,48.258
37139,71.218,52.452
37141,66.092,48.456
37143,65.531,47.075
37145,59.363,45.902
37147,71.247,50.788
37149,66.681,49.862
37151,59.651,44.205
37153,67.2,49.672
37155,70.116,51.734
37157,62.184,44.787
37159,64.17,47.167
37161,62.181,46.388
37163,66.147,49.661
37165,69.48,51.082
37167,61.073,44.098
37169,57.45,42.441
37171,61.678,45.9
37173,66.96,51.536
37175,66.259,51.835
37177,70.88,53.52
37179,64.552,47.313
37181,70.526,51.757
37183,73.272,55.472
37185,71.471,52.928
37187,68.447,49.331
37189,70.211,53.086
37191,67.563,47.938
37193,60.019,44.833
37195,70.255,52.947
37197,59.229,43.317
37199,67.247,51.027
38001,62.683,44.735
38003,68.778,52.033
38005,69.902,52.401
38007,61.357,43.157
38009,63.193,45.636
38011,59.397,42.873
38013,59.289,42.711
38015,62.244,44.618
38017,67.531,50.665
38019,64.94,48.116
38021,64.056,46.473
38023,60.064,43.745
38025,64.295,45.777
38027,70.503,53.705
38029,62.573,44.429
38031,62.016,45.295
38033,61.754,44.506
38035,65.686,49.628
38037,64.036,45.537
38039,64.706,46.757
38041,60.299,43.231
38043,66.284,47.965
38045,64.597,46.728
38047,62.587,44.741
38049,63.572,46.075
38051,65.44,47.146
38053,64.599,48.458
38055,57.7,42.749
38057,53.545,39.489
38059,60.826,44.904
38061,65.895,48.118
38063,68.534,49.96
38065,58.738,42.696
38067,63.996,46.308
38069,63.707,47.07
38071,65.254,48.469
38073,69.696,51.633
38075,60.286,43.47
38077,64.686,47.495
38079,71.913,55.164
38081,69.293,51.166
38083,62.378,44.005
38085,76.959,58.741
38087,63.041,44.466
38089,59.354,43.777
38091,67.42,49.319
38093,61.366,45.135
38095,69.505,50.369
38097,65.882,48.754
38099,64.168,47.484
38101,64.315,47.103
38103,63.553,45.646
38105,58.032,41.886
39001,55.641,42.549
39003,61.877,45.617
39005,60.278,44.593
39007,67.415,52.364
39009,76.198,59.276
39011,58.326,43.651
39013,61.451,48.193
39015,59.172,43.528
39017,62.792,47.158
39019,62.981,47.06
39021,61.276,46.138
39023,67.108,49.662
39025,61.382,46.605
39027,61.311,45.685
39029,62.539,47.299
39031,61.143,45.862
39033,61.466,46.15
39035,74.302,54.758
39037,59.332,43.626
39039,65.083,50.068
39041,66.06,48.835
39043,67.548,51.014
39045,63.364,48.464
39047,62.421,46.939
39049,74.662,58.291
39051,62.903,47.259
39053,54.4,41.718
39055,66.946,48.08
39057,64.945,49.491
39059,63.662,48.084
39061,73.13,54.484
39063,63.161,46.98
39065,62.292,46.188
39067,61.774,45.823
39069,61.747,45.855
39071,62.087,45.443
39073,65.438,49.339
39075,63.13,45.6
39077,64.03,49.085
39079,62.098,45.948
39081,60.703,46.588
39083,64.634,48.026
39085,65.104,48.346
39087,62.726,48.816
39089,64.916,50.611
39091,62.998,46.495
39093,67.853,51.707
39095,72.137,54.648
39097,62.063,47.102
39099,71.601,51.693
39101,63.039,47.607
39103,65.825,47.938
39105,55.82,42.819
39107,57.085,40.396
39109,62.067,44.885
39111,55.23,42.281
39113,64.735,50.44
39115,59.722,45.056
39117,60.545,46.489
39119,64.342,47.874
39121,58.921,44.161
39123,65.482,48.733
39125,61.547,45.428
39127,64.226,48.857
39129,61.361,47.199
39131,66.129,49.503
39133,66.751,49.793
39135,59.964,45.358
39137,58.134,42.675
39139,62.513,46.753
39141,66.346,48.924
39143,64.735,48.86
39145,64.872,48.326
39147,64.963,49.43
39149,58.821,44.736
39151,66.954,50.403
39153,70.575,53.487
39155,66.309,51.338
39157,61.071,47.9
39159,61.866,46.284
39161,58.566,43.835
39163,63.14,47.43
39165,64.193,46.853
39167,59.678,46.087
39169,64.604,48.18
39171,64.25,48.952
39173,68.517,51.607
39175,62.62,46.831
40001,63.878,48.099
40003,58.567,41.809
40005,58.162,43.312
40007,54.545,39.758
40009,58.447,42.892
40011,59.258,43.669
40013,62.532,46.161
40015,60.749,46.023
40017,59.202,44.55
40019,59.397,43.71
40021,66.806,50.353
40023,56.733,43.051
40025,58.705,43.965
40027,65.876,48.535
40029,59.351,43.458
40031,68.589,50.713
40033,60.745,45.443
40035,61.037,44.515
40037,62.123,44.722
40039,60.65,44.707
40041,62.719,45.572
40043,57.09,41.545
40045,55.638,39.938
40047,59.947,43.317
40049,58.397,43.388
40051,58.346,42.812
40053,59.582,42.739
40055,62.491,47.534
40057,60.253,44.397
40059,55.076,39.937
40061,59.915,43.815
40063,62.197,45.763
40065,63.384,47.734
40067,60.343,43.945
40069,62.384,46.118
40071,59.892,44.491
40073,57.317,42.412
40075,61.784,44.94
40077,60.607,44.266
40079,61.097,45.749
40081,59.048,43.366
40083,63.444,46.088
40085,61.516,45.677
40087,55.007,40.737
40089,62.102,44.876
40091,61.412,45.564
40093,60.514,44.637
40095,68.484,51.428
40097,53.725,40.811
40099,60.343,43.79
40101,61.495,45.84
40103,53.374,39.735
40105,60.618,44.214
40107,64.217,47.213
40109,68.67,54.513
40111,63.772,47.633
40113,63.534,47.399
40115,62.016,45.821
40117,59.802,44.447
40119,65.457,49.008
40121,60.003,44.331
40123,62.849,46.899
40125,60.895,45.286
40127,59.81,43.432
40129,58.214,42.127
40131,56.577,41.861
40133,59.816,44.374
40135,61.166,45.637
40137,59.281,43.729
40139,60.484,44.564
40141,63.442,46.654
40143,66.144,48.961
40145,60.812,44.81
40147,60.477,45.219
40149,56.856,41.533
40151,59.814,44.267
40153,54.953,40.086
41001,63.799,45.309
41003,78.674,61.456
41005,70.626,50.488
41007,71.822,54.047
41009,68.308,51.8
41011,67.087,50.33
41013,62.059,45.194
41015,67.137,49.123
41017,70.248,52.864
41019,64.615,47.788
41021,64.687,46.851
41023,63.558,45.156
41025,61.69,44.404
41027,76.6,60.135
41029,65.563,50.234
41031,66.722,48.906
41033,66.758,47.81
41035,62.558,45.475
41037,62.222,44.384
41039,76.661,58.374
41041,74.4,56.196
41043,66.694,49.238
41045,64.877,47.391
41047,69.864,52.623
41049,56.681,43.297
41051,80.612,65.471
41053,70.194,52.419
41055,65.894,47.523
41057,69.758,52.574
41059,63.033,47.434
41061,68.086,50.97
41063,65.571,46.874
41065,69.874,52.604
41067,75.783,58.919
41069,65.667,47.226
41071,68.594,50.797
42001,61.695,45.787
42003,71.822,56.489
42005,57.36,43.954
42007,62.702,45.36
42009,55.631,41.683
42011,66.755,51.967
42013,61.324,44.802
42015,62.656,47.002
42017,65.949,52.878
42019,61.131,44.7
42021,62.705,45.98
42023,63.272,46.606
42025,66.198,48.094
42027,70.612,53.575
42029,72.915,54.931
42031,62.252,45.655
42033,60.291,45.603
42035,64.723,48.894
42037,65.43,47.519
42039,65.357,47.985
42041,67.494,50.94
42043,72.65,53.969
42045,75.803,54.803
42047,63.27,46.654
42049,71.126,54.425
42051,62.418,46.638
42053,62.398,45.868
42055,62.396,46.58
42057,58.069,42.021
42059,57.81,44.067
42061,62.412,46.207
42063,60.316,45.119
42065,55.973,43.441
42067,61.529,45.19
42069,72.722,52.959
42071,62.618,48.312
42073,63.384,47.171
42075,64.145,48.039
42077,73.06,54.22
42079,68.506,51.806
42081,64.953,47.007
42083,62.925,46.898
42085,67.096,48.236
42087,61.407,45.664
42089,72.94,57.33
42091,74.528,57.46
42093,59.945,47.816
42095,68.373,55.249
42097,61.522,46.563
42099,59.635,44.499
42101,78.144,62.865
42103,66.378,50.579
42105,61.231,45.303
42107,62.163,45.332
42109,62.101,46.788
42111,58.514,45.299
42113,64.226,46.748
42115,62.553,47.134
42117,63.167,46.74
42119,65.734,48.572
42121,62.718,46.96
42123,65.834,49.584
42125,63.063,47.714
42127,63.655,47.849
42129,66.409,49.563
42131,65.745,48.268
42133,64.438,47.394
44001,71.347,54.803
44003,69.317,55.209
44005,72.729,55.338
44007,74.401,60.094
44009,72.132,54.96
45001,64.121,46.706
45003,62.356,46.612
45005,73.361,53.677
45007,61.786,44.14
45009,70.308,51.296
45011,65.372,47.043
45013,69.926,50.421
45015,63.99,46.174
45017,65.32,47.761
45019,71.101,51.587
45021,61.568,46.371
45023,68.509,49.944
45025,64.834,46.805
45027,69.239,49.685
45029,65.698,47.962
45031,66.566,49.281
45033,69.859,50.254
45035,67.088,48.593
45037,65.789,47.653
45039,71.333,52.827
45041,66.314,48.796
45043,65.738,47.139
45045,64.642,47.249
45047,65.577,48.419
45049,72.325,53.314
45051,63.562,46.431
45053,69.897,52.343
45055,64.282,47.949
45057,65.092,48.458
45059,63.428,46.94
45061,72.219,53.223
45063,65.742,47.086
45065,70.52,51.403
45067,70.64,51.338
45069,65.33,46.952
45071,62.745,45.888
45073,61.237,44.11
45075,72.304,53.427
45077,61.644,45.12
45079,75.978,55.747
45081,65.02,47.515
45083,65.979,49.085
45085,70.607,50.565
45087,65.314,47.484
45089,73.554,54.453
45091,65.449,48.74
46003,67.105,49.165
46005,65.98,49.266
46007,71.7,52.964
46009,67.829,49.27
46011,69.618,51.261
46013,64.826,47.883
46015,66.206,48.752
46017,75.735,59.768
46019,63.386,46.743
46021,61.562,43.805
46023,66.658,49.511
46025,67.733,49.704
46027,75.271,57.585
46029,63.523,46.961
46031,73.229,54.664
46033,67.048,49.545
46035,65.664,48.002
46037,68.436,50.747
46039,65.673,48.223
46041,75.183,57.735
46043,59.956,42.949
46045,66.194,48.735
46047,64.935,46.791
46049,66.37,47.633
46051,61.365,46.418
46053,64.692,46.847
46055,61.187,42.895
46057,65.229,47.965
46059,66.365,50.027
46061,63.352,45.789
46063,61.774,43.145
46065,63.91,46.263
46067,64.425,46.51
46069,63.295,45.339
46071,69.193,50.192
46073,71.705,54.718
46075,58.455,41.639
46077,66.046,48.635
46079,67.209,49.254
46081,66.269,48.703
46083,63.601,47.24
46085,65.092,47.62
46087,70.034,51.699
46089,67.289,48.611
46091,62.623,44.443
46093,60.732,44.054
46095,71.828,53.035
46097,66.362,48.526
46099,68.171,51.212
46101,69.244,51.819
46103,62.106,46.328
46105,63.315,45.391
46107,59.831,43.079
46109,65.393,49.679
46111,64.331,46.673
46113,78.455,61.18
46115,67.209,49.685
46117,64.254,47.929
46119,62.446,44.288
46121,77.167,59.226
46123,64.773,46.389
46125,63.392,45.864
46127,62.807,46.954
46129,62.347,45.069
46135,63.822,47.079
46137,75.417,57.873
47001,61.241,44.862
47003,61.236,47.313
47005,59.356,44.44
47007,62.966,47.93
47009,59.497,44.802
47011,57.726,43.064
47013,58.165,42.827
47015,59.344,44.372
47017,60.51,44.676
47019,59.505,44.227
47021,59.389,43.887
47023,59.899,43.433
47025,57.082,42.408
47027,62.189,47.826
47029,57.424,42.641
47031,59.661,44.434
47033,59.337,44.131
47035,57.776,42.515
47037,69.651,55.477
47039,58.618,42.634
47041,61.025,45.076
47043,62.156,45.166
47045,57.758,42.814
47047,62.361,45.814
47049,54.66,40.558
47051,61.635,46.129
47053,58.417,44.066
47055,61.322,45.092
47057,57.299,42.2
47059,60.239,44.129
47061,61.956,46.335
47063,60.868,44.869
47065,71.549,51.206
47067,55.521,40.971
47069,65.914,47.957
47071,59.71,43.952
47073,54.854,40.387
47075,67.341,49.022
47077,57.897,42.879
47079,61.146,45.568
47081,63.33,47.164
47083,57.604,44.452
47085,58.728,45.217
47087,61.362,46.27
47089,61.773,47.173
47091,59.019,43.425
47093,63.256,48.482
47095,62.688,47.624
47097,62.797,47.077
47099,57.838,43.9
47101,64.525,48.932
47103,58.16,43.316
47105,60.824,45.469
47107,60.978,45.464
47109,63.418,47.428
47111,61.996,46.55
47113,63.963,45.413
47115,62.13,47.129
47117,58.002,43.607
47119,61.404,46.541
47121,58.265,43.446
47123,58.748,44.002
47125,67.104,49.409
47127,56.926,41.485
47129,58.169,42.906
47131,58.101,42.776
47133,60.887,45.292
47135,64.173,47.893
47137,55.698,41.445
47139,60.796,45.142
47141,60.347,45.966
47143,58.845,42.496
47145,58.668,43.394
47147,62.973,47.348
47149,63.46,48.17
47151,56.139,41.412
47153,60.304,44.351
47155,62.233,45.957
47157,70.402,51.844
47159,60.309,46.436
47161,56.208,41.34
47163,58.461,43.351
47165,62.138,43.976
47167,59.11,42.81
47169,63.873,48.542
47171,58.976,43.687
47173,56.696,41.835
47175,60.691,45.147
47177,62.866,47.153
47179,59.268,46.246
47181,57.028,42.063
47183,59.713,44.301
47185,58.809,43.362
47187,63.3,46.865
47189,60.955,44.788
48001,59.928,43.849
48003,61.074,45.454
48005,62.557,45.81
48007,61.917,45.734
48009,54.402,39.942
48011,57.131,40.36
48013,66.212,50.437
48015,59.299,42.343
48017,58.219,44.638
48019,61.223,46.532
48021,67.146,52.287
48023,54.979,40.657
48025,67.569,51.826
48027,68.371,49.078
48029,76.087,54.725
48031,65.358,49.215
48033,55.974,39.865
48035,57.79,41.438
48037,61.019,44.57
48039,66.291,50.218
48041,68.311,50.058
48043,73.076,56.189
48045,59.23,42.227
48047,74.858,59.698
48049,56.419,40.596
48051,59.489,43.486
48053,60.731,45.055
48055,71.572,53.631
48057,64.847,48.912
48059,56.76,41.387
48061,75.932,60.802
48063,54.041,40.738
48065,52.378,38.961
48067,57.862,42.234
48069,65.236,49.425
48071,57.349,42.695
48073,61.968,43.6
48075,61.455,45.96
48077,55.238,39.945
48079,64.489,47.833
48081,57.123,41.781
48083,55.408,40.616
48085,68.756,52.331
48087,60.002,43.851
48089,59.663,43.512
48091,62.538,49.205
48093,60.192,45.609
48095,63.794,49.499
48097,59.619,43.108
48099,67.445,47.479
48101,62.929,45.282
48103,63.652,48.731
48105,64.483,49.045
48107,65.801,50.319
48109,75.454,59.482
48111,61.05,44.772
48113,75.584,57.597
48115,62.673,47.261
48117,65.568,48.497
48119,58.521,42.686
48121,67.635,53.36
48123,59.22,43.505
48125,61.27,45.327
48127,74.912,59.793
48129,59.053,41.989
48131,77.482,63.092
48133,55.03,40.297
48135,65.766,49.542
48137,66.767,49.189
48139,72.859,55.239
48141,71.147,54.952
48143,58.356,44.529
48145,64.093,47.345
48147,59.333,43.863
48149,51.456,39.85
48151,62.841,46.613
48153,61.733,46.161
48155,58.006,42.707
48157,70.816,51.947
48159,57.485,41.481
48161,51.557,38.753
48163,73.373,58.448
48165,59.774,46.228
48167,66.157,49.552
48169,60.116,45.539
48171,62.49,45.383
48173,56.902,41.187
48175,57.936,43.046
48177,64.725,48.095
48179,56.358,41.336
48181,60.829,46.029
48183,61.668,45.876
48185,56.657,41.865
48187,63.881,47.559
48189,63.151,46.987
48191,59.763,44.062
48193,56.184,40.704
48195,56.63,41.396
48197,61.877,44.759
48199,56.191,40.768
48201,70.963,55.536
48203,59.963,43.964
48205,56.086,41.094
48207,58.321,43.32
48209,73.007,56.417
48211,59.253,42.857
48213,62.677,45.357
48215,76.726,62.609
48217,60.612,46.644
48219,62.737,46.175
48221,59.971,43.707
48223,59.54,43.765
48225,62.219,44.653
48227,61.639,45.597
48229,70.082,54.748
48231,60.173,44.995
48233,55.499,41.187
48235,57.957,41.902
48237,52.191,40.19
48239,58.861,42.903
48241,61.686,44.495
48243,71.268,52.272
48245,69.414,48.619
48247,76.889,61.045
48249,71.637,56.64
48251,60.406,44.581
48253,60.324,44.552
48255,64.041,48.152
48257,63.111,46.627
48259,63.981,46.793
48261,64.779,50.89
48263,59.022,42.507
48265,60.566,44.427
48267,59.345,43.292
48269,53.642,39.548
48271,66.727,50.759
48273,74.006,57.029
48275,59.921,43.71
48277,58.23,42.196
48279,56.216,42.854
48281,62.583,45.353
48283,72.028,56.962
48285,58.577,42.652
48287,60.105,44.286
48289,55.537,41.16
48291,58.455,42.186
48293,58.641,42.758
48295,59.045,43.347
48297,64.272,48.66
48299,60.875,43.734
48301,63.539,45.38
48303,63.828,49.407
48305,63.594,47.665
48307,61.06,46.049
48309,63.578,46.032
48311,56.923,42.671
48313,59.697,42.906
48315,60.041,43.778
48317,72.473,56.367
48319,63.975,47.979
48321,63.688,47.281
48323,63.412,48.435
48325,65.102,49.375
48327,61.959,45.905
48329,61.654,44.5
48331,59.837,44.228
48333,55.942,40.577
48335,61.192,45.823
48337,56.967,41.05
48339,63.861,44.957
48341,64.028,47.48
48343,55.708,41.102
48345,53.384,38.666
48347,64.85,47.768
48349,61.282,45.017
48351,57.754,41.809
48353,63.199,47.135
48355,71.162,56.007
48357,58.19,43.102
48359,56.495,41.602
48361,56.166,41.251
48363,60.296,45.866
48365,49.725,37.177
48367,56.123,41.136
48369,64.273,48.15
48371,66.041,50.537
48373,63.376,46.579
48375,63.91,47.824
48377,78.074,62.415
48379,58.505,42.297
48381,56.165,41.669
48383,60.216,45.838
48385,63.669,45.443
48387,61.078,43.9
48389,70.69,55.477
48391,69.541,53.867
48393,54.764,38.848
48395,63.557,46.671
48397,64.057,46.17
48399,56.232,41.392
48401,54.036,40.427
48403,59.313,44.254
48405,59.277,42.866
48407,60.658,43.803
48409,66.205,51.363
48411,60.051,43.197
48413,63.597,46.938
48415,58.932,44.182
48417,56.738,41.032
48419,60.666,43.58
48421,59.39,43.369
48423,62.533,45.011
48425,57.389,41.735
48427,78.016,63.06
48429,57.834,42.118
48431,62.804,45.219
48433,61.278,44.184
48435,63.726,47.377
48437,62.134,46.201
48439,63.735,48.102
48441,60.939,46.023
48443,65.085,48.706
48445,64.374,49.543
48447,57.97,43.359
48449,56.06,43.111
48451,64.255,47.648
48453,79.574,62.302
48455,60.064,43.095
48457,61.273,44.421
48459,57.583,41.148
48461,58.869,45.46
48463,68.607,53.237
48465,72.82,57.16
48467,56.768,40.74
48469,65.007,48.774
48471,63.224,46.494
48473,68.305,52.362
48475,63.09,47.176
48477,59.456,43.113
48479,77.673,62.43
48481,64.352,48.137
48483,56.101,41.204
48485,63.139,45.828
48487,55.778,42.797
48489,73.196,59.257
48491,66.429,51.01
48493,64.616,49.317
48495,62.307,46.726
48497,58.017,41.571
48499,58.955,42.176
48501,61.918,47.467
48503,55.033,40.143
48505,75.113,60.993
48507,77.072,61.912
49001,55.351,39.628
49003,58.437,41.312
49005,63.404,43.144
49007,62.035,46.447
49009,61.877,45.669
49011,61.564,41.981
49013,54.673,38.875
49015,48.788,35.927
49017,59.653,42.084
49019,72.139,54.076
49021,59.416,42.391
49023,50.928,37.439
49025,56.42,40.796
49027,49.951,36.56
49029,54.82,38.699
49031,54.89,39.522
49033,56.03,39.331
49035,69.388,50.786
49037,64.138,47.603
49039,60.311,42.961
49041,55.418,39.172
49043,70.655,52.726
49045,63.829,46.066
49047,54.403,40.942
49049,58.277,42.205
49051,63.287,45.81
49053,57.991,43.206
49055,62.93,44.823
49057,64.636,48.599
50001,77.169,60.709
50003,73.574,56.501
50005,72.457,56.015
50007,76.147,59.667
50009,68.365,51.952
50011,71.354,53.881
50013,74.137,57.614
50015,74.321,58.399
50017,74.16,56.603
50019,71.194,54.162
50021,71.365,54.876
50023,75.884,59.478
50025,76.577,60.208
50027,74.76,58.473
51001,67.968,50.919
51003,74.268,56.21
51005,63.596,47.22
51007,61.807,44.334
51009,65.242,47.035
51011,59.418,42.658
51013,82.243,66.094
51015,58.633,43.66
51017,66.578,50.802
51019,62.305,45.699
51021,55.924,40.835
51023,58.692,44.445
51025,71.33,52.393
51027,57.586,42.837
51029,68.583,49.442
51031,60.664,43.843
51033,70.217,51.143
51035,61.863,47.243
51036,71.158,52.183
51037,61.478,45.101
51041,66.941,49.216
51043,67.945,51.098
51045,61.806,44.18
51047,66.275,49.038
51049,66.585,47.984
51051,59.268,44.723
51053,65.17,48.212
51057,69.006,50.781
51059,75.236,59.164
51061,67.5,49.691
51063,65.801,49.605
51065,67.084,48.579
51067,67.073,50.625
51069,63.598,47.481
51071,61.884,45.948
51073,64.402,48.291
51075,63.188,45.971
51077,58.702,43.058
51079,64.491,45.715
51081,69.9,52.1
51083,64.341,47.195
51085,63.257,45.218
51087,68.691,54.294
51089,63.53,46.075
51091,64.825,47.091
51093,66.476,49.109
51095,67.879,50.212
51097,65.851,47.608
51099,66.535,49.824
51101,63.508,46.109
51103,69.608,51.36
51105,58.447,42.947
51107,72.4,56.229
51109,65.54,48.002
51111,66.52,48.102
51113,66.596,49.867
51115,63.807,46.712
51117,68.532,50.461
51119,68.104,51.359
51121,72.309,54.85
51125,70.18,52.623
51127,62.266,45.55
51131,71.949,52.131
51133,67.583,48.805
51135,66.919,48.333
51137,67.132,49.979
51139,63.327,47.724
51141,60.781,43.826
51143,62.322,45.085
51145,61.685,44.318
51147,71.631,51.714
51149,65.159,47.499
51153,74.563,55.597
51155,62.509,45.324
51157,72.091,54.595
51159,65.804,48.951
51161,62.773,45.141
51163,62.579,46.156
51165,62.425,47.975
51167,58.615,43.218
51169,57.107,42.683
51171,62.016,45.315
51173,61.346,45.96
51175,66.914,49.745
51177,67.524,50.854
51179,72.213,54.446
51181,69.489,51.342
51183,69.753,51.35
51185,58.013,42.752
51187,66.489,50.717
51191,60.281,44.881
51193,69.035,50.458
51195,60.369,45.805
51197,60.992,45.464
51199,66.609,49.14
51510,83.557,66.918
51520,61.438,45.428
51530,61.203,45.132
51540,79.69,61.194
51550,69.739,49.637
51570,62.284,46.633
51580,66.117,49.406
51590,70.923,51.544
51595,74.246,52.902
51600,77.052,59.84
51610,80.625,62.509
51620,70.545,50.802
51630,77.267,58.97
51640,65.918,50.818
51650,75.032,57.073
51660,72.452,55.386
51670,68.804,51.383
51678,76.303,58.029
51680,70.035,50.808
51683,60.651,44.268
51685,75.978,57.49
51690,72.782,54.717
51700,75.44,56.962
51710,76.398,59.148
51720,60.435,44.542
51730,74.828,54.351
51735,58.13,42.687
51740,73.872,55.239
51750,69.766,51.994
51760,79.822,60.923
51770,73.318,54.535
51775,66.051,49.022
51790,70.89,54.044
51800,70.752,54.322
51810,68.473,52.059
51820,66.849,50.645
51830,78.596,60.21
51840,72.218,54.723
53001,65.713,49.997
53003,65.525,48.263
53005,66.031,48.043
53007,67.486,51.926
53009,71.262,53.198
53011,68.83,51.957
53013,67.922,50.67
53015,69.621,52.21
53017,66.631,49.728
53019,67.155,49.385
53021,63.947,49.98
53023,61.655,43.966
53025,66.103,48.737
53027,70.939,53.694
53029,71.55,54.563
53031,75.783,57.413
53033,80.531,62.029
53035,73.378,54.908
53037,70.708,53.861
53039,67.167,49.513
53041,62.489,45.543
53043,64.678,47.23
53045,68.282,52.199
53047,68.329,51.507
53049,69.572,53.133
53051,67.473,50.729
53053,71.195,54.159
53055,78.528,60.367
53057,71.03,54.219
53059,67.222,49.774
53061,74.49,57.16
53063,69.295,49.022
53065,64.454,47.774
53067,72.582,54.258
53069,68.113,49.753
53071,69.638,51.647
53073,74.837,56.735
53075,74.51,55.031
53077,66.178,52.482
54001,61.42,46.498
54003,64.634,47.059
54005,58.342,43.633
54007,63.104,46.784
54009,60.269,44.7
54011,67.263,49.865
54013,61.684,45.776
54015,61.013,45.292
54017,60.539,45.895
54019,61.775,46.674
54021,65.681,48.711
54023,49.283,37.822
54025,62.044,45.091
54027,60.201,45.011
54029,59.864,43.703
54031,62,46.427
54033,58.609,43.787
54035,60.765,45.026
54037,69.864,52.639
54039,66.038,49.513
54041,59.885,42.717
54043,60.643,45.946
54045,57.786,43.971
54047,61.115,45.912
54049,61.208,44.883
54051,60.64,44.764
54053,52.402,39.37
54055,59.765,42.766
54057,59.08,43.951
54059,58.27,43.078
54061,68.82,50.785
54063,58.57,43.101
54065,62.59,46.156
54067,58.438,42.879
54069,65.128,48.599
54071,62.741,45.717
54073,54.201,42.948
54075,62.551,45.873
54077,60.078,44.03
54079,55.761,41.618
54081,59.656,43.728
54083,64.367,48.836
54085,57.398,41.81
54087,62.883,46.748
54089,64.324,48.141
54091,59.011,43.436
54093,61.127,45.542
54095,60.852,45.73
54097,61.406,46.12
54099,59.413,44.428
54101,63.138,48.002
54103,60.818,45.027
54105,58.661,43.013
54107,60.92,45.499
54109,55.797,41.444
55001,68.049,50.777
55003,71.648,54.115
55005,67.363,50.214
55007,72.598,55.601
55009,67.971,50.571
55011,65.574,49.555
55013,66.009,49.481
55015,65.866,49.346
55017,66.933,51.41
55019,67.454,49.924
55021,66.935,50.194
55023,68.223,52.003
55025,79.031,63.035
55027,64.125,48.264
55029,71.025,54.636
55031,71.906,55.173
55033,69.427,52.514
55035,70.119,54.417
55037,59.775,43.977
55039,66.092,47.352
55041,67.514,50.448
55043,68.737,50.915
55045,68.778,52.361
55047,63.712,47.014
55049,71.772,55.288
55051,67.196,50.461
55053,67.165,50.575
55055,66.713,49.515
55057,66.977,50.696
55059,67.519,52.333
55061,65.36,48.75
55063,71.439,52.67
55065,69.576,53.509
55067,64.694,50.244
55069,65.666,48.956
55071,66.281,50.594
55073,65.079,49.892
55075,63.75,48.799
55077,66.228,49.591
55078,74.987,57.51
55079,74.376,58.434
55081,65.237,49.038
55083,64.752,48.566
55085,66.295,50.107
55087,65.458,47.381
55089,64.374,47.91
55091,68.003,50.824
55093,68.768,51.661
55095,65.886,49.446
55097,69.862,52.598
55099,67.343,50.759
55101,66.972,50.283
55103,68.334,51.576
55105,70.867,54.693
55107,66.035,49.029
55109,66.918,49.886
55111,69.745,52.502
55113,68.222,50.296
55115,66.287,49.962
55117,63.894,48.677
55119,64.752,47.341
55121,69.48,52.891
55123,69.469,51.395
55125,64.613,47.369
55127,65.123,50.114
55129,65.282,48.454
55131,59.938,44.287
55133,61.958,46.056
55135,65.071,49.667
55137,66.16,48.832
55139,65.401,51.212
55141,64.819,49.714
56001,73.489,54.135
56003,61.274,44.222
56005,52.399,39.235
56007,65.699,49.01
56009,52.809,38.618
56011,59.864,41.488
56013,64.528,46.393
56015,62.846,46.26
56017,62.705,47.512
56019,62.118,44.61
56021,65.13,46.521
56023,52.027,38.779
56025,60.768,44.167
56027,63.185,44.373
56029,61.157,44.036
56031,55.027,40.426
56033,61.389,43.898
56035,60.985,44.148
56037,56.868,43.173
56039,76.727,58.261
56041,60.353,43.885
56043,62.514,45.749
56045,58.31,41.138